<?xml version="1.0" encoding="UTF-8"?>
<rss version="2.0" xmlns:ror="http://rorweb.com/0.1/" >
<channel>
  <title>ROR Sitemap for http://www.roundbars.metalministry.co.in/</title>
  <link>http://www.roundbars.metalministry.co.in/</link>

<item>
     <link>http://www.roundbars.metalministry.co.in/</link>
     <title>Welcome to Metal Ministry Inc.</title>
     <description>Welcome to Metal Ministry Inc.</description>
     <ror:updatePeriod>always</ror:updatePeriod>
     <ror:sortOrder>0</ror:sortOrder>
     <ror:resourceOf>sitemap</ror:resourceOf>
</item>
<item>
     <link>http://www.roundbars.metalministry.co.in/index.html</link>
     <title>Welcome to Metal Ministry Inc.</title>
     <description>Welcome to Metal Ministry Inc.</description>
     <ror:updatePeriod>always</ror:updatePeriod>
     <ror:sortOrder>1</ror:sortOrder>
     <ror:resourceOf>sitemap</ror:resourceOf>
</item>
<item>
     <link>http://www.roundbars.metalministry.co.in/about.html</link>
     <title>Welcome to Metal Ministry Inc.</title>
     <description>Welcome to Metal Ministry Inc.</description>
     <ror:updatePeriod>always</ror:updatePeriod>
     <ror:sortOrder>1</ror:sortOrder>
     <ror:resourceOf>sitemap</ror:resourceOf>
</item>
<item>
     <link>http://www.roundbars.metalministry.co.in/product.html</link>
     <title>Welcome to Metal Ministry Inc. | Products</title>
     <description>Nickel ALloy Flanges, Monel Alloy Flanges,Inconel ALloy Flanges, Incoloy Flanges, Hastelloy Flanges,Slip On Flanges, weld Neck Flanges, Orifice Flanges, Lap Joint Flanges.Socket Weld Flanges Manufactured And Exported By Metal Ministry Inc. Located in Mumbai.</description>
     <ror:updatePeriod>always</ror:updatePeriod>
     <ror:sortOrder>1</ror:sortOrder>
     <ror:resourceOf>sitemap</ror:resourceOf>
</item>
<item>
     <link>http://www.roundbars.metalministry.co.in/round-bars-manufacturer.html</link>
     <title>Round Bars | Round Bars Manufacturer | Round Rods</title>
     <description>Round bars, Round rods, bright bars, annealed Bars, stainless steel round bars, duplex steel round bars, super duplex steel round bars, nickel alloy round bars, cupro nickel round bars,carbon steel round bars manufactured by manufactured by Metal Ministry Inc. located in Mumbai.</description>
     <ror:updatePeriod>always</ror:updatePeriod>
     <ror:sortOrder>1</ror:sortOrder>
     <ror:resourceOf>sitemap</ror:resourceOf>
</item>
<item>
     <link>http://www.roundbars.metalministry.co.in/forged-bars-manufacturer.html</link>
     <title>Forged Bars Manufacturer| Forged Bars | Forged Bars Exporter</title>
     <description>Forged Bars, Rods, Stainless Steel Forged Bars, Duplex Steel Forged Bar, Super Duplex Steel Forged Bars, Nickel Alloy Forged Bars, Cupro Nickel Forged Bars, Carbon Steel Forged Bar manufactured by Metal Ministry Inc. located in Mumbai.</description>
     <ror:updatePeriod>always</ror:updatePeriod>
     <ror:sortOrder>1</ror:sortOrder>
     <ror:resourceOf>sitemap</ror:resourceOf>
</item>
<item>
     <link>http://www.roundbars.metalministry.co.in/square-bars-manufacturer.html</link>
     <title>Square bars manufacturer| Square bars Supplier| Square bars exporter</title>
     <description>Square bars, Square rods, Stainless steel square bars, Duplex steel square bar, Super duplex steel bars &amp; rods, Nickel alloy Square bars, cupro nickel square bars, carbon steel square rods manufactured by Metal Ministry Inc. located in Mumbai.</description>
     <ror:updatePeriod>always</ror:updatePeriod>
     <ror:sortOrder>1</ror:sortOrder>
     <ror:resourceOf>sitemap</ror:resourceOf>
</item>
<item>
     <link>http://www.roundbars.metalministry.co.in/wire-rod-manufacturer.html</link>
     <title>Wire Rod Bars Manufacturer| Wire Rod Bars | Wire Rod Bars Exporter</title>
     <description>Wire Rod, Square Rods, Stainless Steel Wire Rod, Duplex Steel Wire Rod, Super Duplex Steel Wire Rod , Nickel Alloy Wire Rod Bars, Cupro Nickel Wire Rod, Carbon Steel Wire Rod manufactured by Metal Ministry Inc. located in Mumbai.</description>
     <ror:updatePeriod>always</ror:updatePeriod>
     <ror:sortOrder>1</ror:sortOrder>
     <ror:resourceOf>sitemap</ror:resourceOf>
</item>
<item>
     <link>http://www.roundbars.metalministry.co.in/hex-bars-manufacturer.html</link>
     <title>Hex Bars Manufacturer| Hex Bars | Hex Bars Exporter</title>
     <description>Hex Bars, Hex Rods, Stainless Steel Hex Bars, Duplex Steel Hex Bar, Super Duplex Steel Hex Bars &amp; Rods, Nickel Alloy Hex Bars, Cupro Nickel Hex Bars, Carbon Steel Hex Rods manufactured by manufactured by Metal Ministry Inc. located in Mumbai.</description>
     <ror:updatePeriod>always</ror:updatePeriod>
     <ror:sortOrder>1</ror:sortOrder>
     <ror:resourceOf>sitemap</ror:resourceOf>
</item>
<item>
     <link>http://www.roundbars.metalministry.co.in/angle-channel-manufacturer.html</link>
     <title>Angle Channel Manufacturer| Angle Channel | Angle Exporter | Channel</title>
     <description>Angle Channel, Stainless Steel Angle Channel, Duplex Steel Angle Channel, Super Duplex Steel Angle Channel, Nickel Alloy Angle Channel, Cupro Nickel Angle Channel, Carbon Steel Angle Channel Manufactured by manufactured by Metal Ministry Inc. located in Mumbai.</description>
     <ror:updatePeriod>always</ror:updatePeriod>
     <ror:sortOrder>1</ror:sortOrder>
     <ror:resourceOf>sitemap</ror:resourceOf>
</item>
<item>
     <link>http://www.roundbars.metalministry.co.in/triangular-bars-manufacturer.html</link>
     <title>Triangular Bars Manufacturer| Triangular Bars | Triangular Bars Exporter</title>
     <description>Triangular bars, Stainless steel Triangular bars, Duplex steel Triangular bars, Super duplex steel Triangular bars, Nickel alloy Triangular bars, cupro nickel Triangular bars, carbon steel Triangular Bars  manufactured by Metal Ministry Inc. located in Mumbai.</description>
     <ror:updatePeriod>always</ror:updatePeriod>
     <ror:sortOrder>1</ror:sortOrder>
     <ror:resourceOf>sitemap</ror:resourceOf>
</item>
<item>
     <link>http://www.roundbars.metalministry.co.in/quality-policy.html</link>
     <title>Welcome to Metal Ministry Inc.</title>
     <description>Welcome to Metal Ministry Inc.</description>
     <ror:updatePeriod>always</ror:updatePeriod>
     <ror:sortOrder>1</ror:sortOrder>
     <ror:resourceOf>sitemap</ror:resourceOf>
</item>
<item>
     <link>http://www.roundbars.metalministry.co.in/technical.html</link>
     <title>Welcome to Metal Ministry Inc. | Technical</title>
     <description>Socket Weld Flanges, Nickel Alloy 200/201 Socket Weld Flanges, Monel Alloy Socket Weld Flanges, Inconel Alloy Socket Weld Flanges, Incoloy Socket Weld Flanges,Hastelloy Socket Weld Flanges, Alloy 20 Socket Weld Flanges,ASME/ANSI B16.5 Socket Weld Pipe Flanges,ANSI Socket Weld Flanges Manufactured And Exported By Metal Ministry Inc. Located in Mumbai.</description>
     <ror:updatePeriod>always</ror:updatePeriod>
     <ror:sortOrder>1</ror:sortOrder>
     <ror:resourceOf>sitemap</ror:resourceOf>
</item>
<item>
     <link>http://www.roundbars.metalministry.co.in/contact.html</link>
     <title>Contact to Metal Ministry Inc.</title>
     <description>Contact to Metal Ministry Inc.</description>
     <ror:updatePeriod>always</ror:updatePeriod>
     <ror:sortOrder>1</ror:sortOrder>
     <ror:resourceOf>sitemap</ror:resourceOf>
</item>
<item>
     <link>http://www.roundbars.metalministry.co.in/stainless-steel-round-bars-manufacturer.html</link>
     <title>Stainless Steel Round Bars | Stainless Steel Round Rods | SS Round Bars</title>
     <description>Stainless steel round bars,SS rods, ASTM A276 round bars, ASME SA479 round rods,stainless steel 202 round bars, SS 304/304L/304H bars, Stainless Steel 316/316L/316Ti annealed round bars,SS 310/310S bars manufactured by  Metal Ministry Inc. located in Mumbai.</description>
     <ror:updatePeriod>always</ror:updatePeriod>
     <ror:sortOrder>2</ror:sortOrder>
     <ror:resourceOf>sitemap</ror:resourceOf>
</item>
<item>
     <link>http://www.roundbars.metalministry.co.in/duplex-steel-round-bars-manufacturer.html</link>
     <title>Duplex Steel Round Bars | Duplex Steel Round Rods | Round Bars</title>
     <description>Duplex steel round bars, duplex steel round rods, round bars, duplex steel 2205 round bars, ASTM A276 duplex steel 2205 round bars, ASME SA479 duplex steel round bars manufactured by  Metal Ministry Inc. located in Mumbai.</description>
     <ror:updatePeriod>always</ror:updatePeriod>
     <ror:sortOrder>2</ror:sortOrder>
     <ror:resourceOf>sitemap</ror:resourceOf>
</item>
<item>
     <link>http://www.roundbars.metalministry.co.in/super-duplex-steel-round-bars-manufacturer.html</link>
     <title>Super Duplex Steel Round Bars | Super Duplex Steel Round Rods | Round Bars</title>
     <description>Super duplex steel round bars, super duplex steel round rods, round bars, super  duplex steel 2507 round bars, ASTM A276 super duplex steel 2507 round bars, ASME SA479 Super  duplex steel round bars manufactured by Metal Ministry Inc. located in Mumbai.</description>
     <ror:updatePeriod>always</ror:updatePeriod>
     <ror:sortOrder>2</ror:sortOrder>
     <ror:resourceOf>sitemap</ror:resourceOf>
</item>
<item>
     <link>http://www.roundbars.metalministry.co.in/nickel-alloy-round-bars-manufacturer.html</link>
     <title>Nickel Alloy Round Bars | Nickel Alloy Round Rods | Round Bars</title>
     <description>Nickel alloy round bars, Nickel alloy round rods, round bars, nickel alloy 200 round bars, nickel alloy 201 round rods, nickel alloy bright bars, nickel alloy black bars, nickel alloy annealed  bars  manufactured by Metal Ministry Inc. located in Mumbai.</description>
     <ror:updatePeriod>always</ror:updatePeriod>
     <ror:sortOrder>2</ror:sortOrder>
     <ror:resourceOf>sitemap</ror:resourceOf>
</item>
<item>
     <link>http://www.roundbars.metalministry.co.in/cupro-nickel-round-bars-manufacturer.html</link>
     <title>Cupro Nickel Round Bars | Cupro Nickel Round Rods | Round Bars </title>
     <description>Cupro Nickel Round Bars , Cupro Nickel Round Rods, cupro nickel 70 30 bars , cupro nickel 90 10 bars  , Cu-Ni  90/10 round bars ,Copper Nickel  ASTM B111 Round Bars  Manufactured by Metal Ministry Inc. located in Mumbai.</description>
     <ror:updatePeriod>always</ror:updatePeriod>
     <ror:sortOrder>2</ror:sortOrder>
     <ror:resourceOf>sitemap</ror:resourceOf>
</item>
<item>
     <link>http://www.roundbars.metalministry.co.in/carbon-steel-round-bars-manufacturer.html</link>
     <title>Carbon Steel Round Bars | Carbon Steel Round Rods | Round Rods</title>
     <description>Carbon steel round bars, round rods, carbon steel round rods,carbon steel black bar, carbon steel bright bars, carbon steel ASTM A105 round bars, ASME SA350 round rods  manufactured by Metal Ministry Inc. located in Mumbai.</description>
     <ror:updatePeriod>always</ror:updatePeriod>
     <ror:sortOrder>2</ror:sortOrder>
     <ror:resourceOf>sitemap</ror:resourceOf>
</item>
<item>
     <link>http://www.roundbars.metalministry.co.in/stainless-steel-forged-bars-manufacturer.html</link>
     <title>Stainless Steel Forged Bars Manufacturer| Stainless Steel Forged Bars | SS Forged Bars </title>
     <description>Stainless Steel Forged Bars,SS Forged Bars, Forged Bars , ASTM A276 Forged Bars, ASME SA479 Forged Bars,Stainless Steel 202 Forged Bars, SS 304/304L/304H Bars, Stainless Steel 316/316L/316Ti Annealed Forged Bars,SS 310/310S Bars Manufactured By  Metal Ministry Inc. Located In Mumbai.</description>
     <ror:updatePeriod>always</ror:updatePeriod>
     <ror:sortOrder>2</ror:sortOrder>
     <ror:resourceOf>sitemap</ror:resourceOf>
</item>
<item>
     <link>http://www.roundbars.metalministry.co.in/duplex-steel-forged-bars-manufacturer.html</link>
     <title> Duplex Steel Forged Bars Manufacturer| Duplex Steel Forged Bars | Forged Bars </title>
     <description>Duplex Steel Forged Bars, Forged Rods, Forged Bars, Duplex Steel 2205 Forged Bars, ASTM A276 Duplex Steel 2205 Forged Bars, ASME SA479 Duplex Steel Forged Bars Manufactured By  Metal Ministry Inc. Located In Mumbai.</description>
     <ror:updatePeriod>always</ror:updatePeriod>
     <ror:sortOrder>2</ror:sortOrder>
     <ror:resourceOf>sitemap</ror:resourceOf>
</item>
<item>
     <link>http://www.roundbars.metalministry.co.in/super-duplex-steel-forged-bars-manufacturer.html</link>
     <title>Super Duplex Steel Forged Bars Manufacturer| Super Duplex Steel Forged Bars | Forged Bars </title>
     <description>Super Duplex Steel Forged Bars, Forged Bars,  Super Duplex Steel Forged Rods, Super  Duplex Steel 2507 Forged Bars , ASTM A276 Super Duplex Steel 2507 Forged Bars, ASME SA479 Super  Duplex Steel Forged Bars Manufactured By Metal Ministry Inc. Located In Mumbai.</description>
     <ror:updatePeriod>always</ror:updatePeriod>
     <ror:sortOrder>2</ror:sortOrder>
     <ror:resourceOf>sitemap</ror:resourceOf>
</item>
<item>
     <link>http://www.roundbars.metalministry.co.in/nickel-alloy-forged-bars-manufacturer.html</link>
     <title>Nickel Alloy Forged Bars Manufacturer| Nickel Alloy Forged Bars| Forged Bars Exporter</title>
     <description>Nickel Alloy Forged Bars, Nickel Alloy Forged Rods, Forged Bars, Nickel Alloy 200 Forged Bars, Nickel Alloy 201 Forged Rods, Nickel Alloy Bright Bars, Nickel Alloy Black Bars, Nickel Alloy Annealed  Forged  Bars  Manufactured By Metal Ministry Inc. Located In Mumbai
.</description>
     <ror:updatePeriod>always</ror:updatePeriod>
     <ror:sortOrder>2</ror:sortOrder>
     <ror:resourceOf>sitemap</ror:resourceOf>
</item>
<item>
     <link>http://www.roundbars.metalministry.co.in/cupro-nickel-forged-bars-manufacturer.html</link>
     <title>Cupro Nickel Forged Bars | Cupro Nickel Forged Rods | Forged Bars </title>
     <description>Cupro Nickel Forged Bars , Cupro Nickel Forged Rods, cupro nickel 70 30 Forged bars , cupro nickel 90 10 Forged bars  , Cu-Ni  90/10 Forged bars ,Copper Nickel  ASTM B111 Forged Bars  Manufactured by Metal Ministry Inc. located in Mumbai.</description>
     <ror:updatePeriod>always</ror:updatePeriod>
     <ror:sortOrder>2</ror:sortOrder>
     <ror:resourceOf>sitemap</ror:resourceOf>
</item>
<item>
     <link>http://www.roundbars.metalministry.co.in/carbon-steel-forged-bars-manufacturer.html</link>
     <title>Carbon Steel Forged Bars Manufacturer | Carbon Steel Forged Bars | Forged Bars</title>
     <description>Carbon Steel Forged Bars, Forged Rods, Carbon Steel Forged Rods,Carbon Steel Black Bar, Carbon Steel Bright Bars, Carbon Steel ASTM A105 Forged Bars, ASME SA350 Forged Rods  Manufactured By Metal Ministry Inc. Located In Mumbai.</description>
     <ror:updatePeriod>always</ror:updatePeriod>
     <ror:sortOrder>2</ror:sortOrder>
     <ror:resourceOf>sitemap</ror:resourceOf>
</item>
<item>
     <link>http://www.roundbars.metalministry.co.in/stainless-steel-square-bars-manufacturer.html</link>
     <title>Stainless Steel Square Bars Manufacturer| SS Square Bars Supplier| Stainless Steel Square Rods </title>
     <description>Stainless steel Square bars,SS rods, ASTM A276 Square bars, ASME SA479 Square rods,stainless steel 202 Square bars, SS 304/304L/304H bars, Stainless Steel 316/316L/316Ti annealed Square bars,SS 310/310S bars manufactured by  Metal Ministry Inc. located in Mumbai.</description>
     <ror:updatePeriod>always</ror:updatePeriod>
     <ror:sortOrder>2</ror:sortOrder>
     <ror:resourceOf>sitemap</ror:resourceOf>
</item>
<item>
     <link>http://www.roundbars.metalministry.co.in/duplex-steel-square-bars-manufacturer.html</link>
     <title>Duplex Steel Square Bars Manufacturer| Duplex Steel Square Rods | Square Bars</title>
     <description>Duplex steel Square bars, duplex steel Square rods, Square bars, duplex steel 2205 Square bars, ASTM A276 duplex steel 2205 Square bars, ASME SA479 duplex steel Square bars manufactured by Metal Ministry Inc. located in Mumbai.</description>
     <ror:updatePeriod>always</ror:updatePeriod>
     <ror:sortOrder>2</ror:sortOrder>
     <ror:resourceOf>sitemap</ror:resourceOf>
</item>
<item>
     <link>http://www.roundbars.metalministry.co.in/super-duplex-steel-square-bars-manufacturer.html</link>
     <title>Super Duplex Steel Square Bars Manufacturer| Super Duplex Steel Square Rods | Square Bars </title>
     <description>Super duplex steel Square bars, super duplex steel Square rods, Square bars, super  duplex steel 2507 Square bars, ASTM A276 super duplex steel 2507 Square bars, ASME SA479 Super  duplex steel Square bars manufactured by Metal Ministry Inc. located in Mumbai.</description>
     <ror:updatePeriod>always</ror:updatePeriod>
     <ror:sortOrder>2</ror:sortOrder>
     <ror:resourceOf>sitemap</ror:resourceOf>
</item>
<item>
     <link>http://www.roundbars.metalministry.co.in/nickel-alloy-square-bars-manufacturer.html</link>
     <title>Nickel Alloy Square Bars | Nickel Alloy Square Rods | Square Bars </title>
     <description>Nickel alloy Square bars, Nickel alloy Square rods, Square bars, nickel alloy 200 Square bars, nickel alloy 201 Square rods, nickel alloy bright bars, nickel alloy black bars, nickel alloy annealed  bars  manufactured by Metal Ministry Inc. located in Mumbai.</description>
     <ror:updatePeriod>always</ror:updatePeriod>
     <ror:sortOrder>2</ror:sortOrder>
     <ror:resourceOf>sitemap</ror:resourceOf>
</item>
<item>
     <link>http://www.roundbars.metalministry.co.in/cupro-nickel-square-bars-manufacturer.html</link>
     <title>Cupro Nickel Square Bars | Cupro Nickel Square Rods | Square Bars </title>
     <description>Cupro Nickel Square Bars , Cupro Nickel Square Rods, cupro nickel 70 30 bars , cupro nickel 90 10 bars  , Cu-Ni  90/10 Square bars ,Copper Nickel  ASTM B111 Square Bars  Manufactured by Metal Ministry Inc. located in Mumbai.</description>
     <ror:updatePeriod>always</ror:updatePeriod>
     <ror:sortOrder>2</ror:sortOrder>
     <ror:resourceOf>sitemap</ror:resourceOf>
</item>
<item>
     <link>http://www.roundbars.metalministry.co.in/carbon-steel-square-bars-manufacturer.html</link>
     <title>Carbon Steel Square Bars | Carbon Steel Square Rods | Square Rods</title>
     <description>Carbon steel Square bars, Square rods, carbon steel Square rods,carbon steel black bar, carbon steel bright bars, carbon steel ASTM A105 Square bars, ASME SA350 Square rods  manufactured by Metal Ministry Inc. located in Mumbai.</description>
     <ror:updatePeriod>always</ror:updatePeriod>
     <ror:sortOrder>2</ror:sortOrder>
     <ror:resourceOf>sitemap</ror:resourceOf>
</item>
<item>
     <link>http://www.roundbars.metalministry.co.in/stainless-steel-wire-rod-manufacturer.html</link>
     <title>Stainless Steel Wire Rod  Manufacturer| Stainless Steel Wire Rod | SS Wire Rod  </title>
     <description>Stainless Steel Wire Rod , Wire Rods, SS Wire Rods, Stainless Steel 304/304L, SS 316/ 316L, SS 309H, 317,SS 310/310S Stainless Steel 321/321H manufactured by Metal Ministry Inc. located in Mumbai.</description>
     <ror:updatePeriod>always</ror:updatePeriod>
     <ror:sortOrder>2</ror:sortOrder>
     <ror:resourceOf>sitemap</ror:resourceOf>
</item>
<item>
     <link>http://www.roundbars.metalministry.co.in/duplex-steel-wire-rod-manufacturer.html</link>
     <title>Duplex Steel Wire Rod Manufacturer| Duplex Steel Wire Rod | Wire Rod   </title>
     <description>Duplex steel Wire rod, Wire Rod, 2205 Wire rod bar , ASTM A789 Duplex Steel Wire Rods, 2205 UNS S31803 Wire, DIN 1.4462 Duplex steel Wire Rods  manufactured by Metal Ministry Inc. located in Mumbai.</description>
     <ror:updatePeriod>always</ror:updatePeriod>
     <ror:sortOrder>2</ror:sortOrder>
     <ror:resourceOf>sitemap</ror:resourceOf>
</item>
<item>
     <link>http://www.roundbars.metalministry.co.in/super-duplex-steel-wire-rod-manufacturer.html</link>
     <title>Super Duplex steel Wire rod  manufacturer| Super Duplex steel Wire rod  | Wire rod     </title>
     <description>: Super Duplex steel Wire rod , Wire rod , Super Duplex steel Wire, 2507 Wire rod, Super Duplex Steel 2507  ASTM A479 Wire Rods, 2507 UNS S32760 Wires, DIN 1.4410 Super Duplex steel Bars manufactured by Metal Ministry Inc. located in Mumbai.</description>
     <ror:updatePeriod>always</ror:updatePeriod>
     <ror:sortOrder>2</ror:sortOrder>
     <ror:resourceOf>sitemap</ror:resourceOf>
</item>
<item>
     <link>http://www.roundbars.metalministry.co.in/nickel-alloy-wire-rod-manufacturer.html</link>
     <title>Nickel Alloy Wire Rods | Nickel Alloy Wire Rods | Wire Rods</title>
     <description>Nickel alloy Wire Rods, Nickel alloy Wire Rods, Wire Rods, nickel alloy 200 Wire Rods, nickel alloy 201 Wire Rods, nickel alloy bright bars, nickel alloy black bars, nickel alloy annealed  Wire Rods  manufactured by Metal Ministry Inc. located in Mumbai.</description>
     <ror:updatePeriod>always</ror:updatePeriod>
     <ror:sortOrder>2</ror:sortOrder>
     <ror:resourceOf>sitemap</ror:resourceOf>
</item>
<item>
     <link>http://www.roundbars.metalministry.co.in/cupro-nickel-wire-rod-manufacturer.html</link>
     <title>Cupro Nickel Wire Rods | Cupro Nickel Wire Rods | Wire Rods </title>
     <description>Cupro Nickel Wire Rods , Cupro Nickel Wire Rods, cupro nickel 70 30 Wire Rods , cupro nickel 90 10 Wire Rods  , Cu-Ni  90/10 Wire Rods ,Copper Nickel  ASTM B111 Wire Rods  Manufactured by Metal Ministry Inc. located in Mumbai.</description>
     <ror:updatePeriod>always</ror:updatePeriod>
     <ror:sortOrder>2</ror:sortOrder>
     <ror:resourceOf>sitemap</ror:resourceOf>
</item>
<item>
     <link>http://www.roundbars.metalministry.co.in/carbon-steel-wire-rod-manufacturer.html</link>
     <title>Carbon Steel Wire Rods | Carbon Steel Wire Rod | Wire Rod</title>
     <description>Carbon Steel Wire Rod, Wire Rods, Carbon Steel Wire Bars, Carbon Steel Wires, Carbon Steel Rods, Carbon Steel Bright Bars, Carbon Steel ASTM A105 Wire Rod, ASME SA350 Wire Rod  Manufactured By Metal Ministry Inc. Located In Mumbai.</description>
     <ror:updatePeriod>always</ror:updatePeriod>
     <ror:sortOrder>2</ror:sortOrder>
     <ror:resourceOf>sitemap</ror:resourceOf>
</item>
<item>
     <link>http://www.roundbars.metalministry.co.in/stainless-steel-hex-bars-manufacturer.html</link>
     <title>Stainless Steel Hex Bars | Stainless Steel Hex Rods | SS Hex Bars</title>
     <description>Stainless steel Hex bars,SS rods, ASTM A276 Hex bars, ASME SA479 Hex rods,stainless steel 202 Hex bars, SS 304/304L/304H Hex  bars, Stainless Steel 316/316L/316Ti annealed Hex bars,SS 310/310S Hex bars manufactured by  Metal Ministry Inc. located in Mumbai.</description>
     <ror:updatePeriod>always</ror:updatePeriod>
     <ror:sortOrder>2</ror:sortOrder>
     <ror:resourceOf>sitemap</ror:resourceOf>
</item>
<item>
     <link>http://www.roundbars.metalministry.co.in/duplex-steel-hex-bars-manufacturer.html</link>
     <title>Duplex Steel Hex Bars | Duplex Steel Hex Rods | Hex Bars</title>
     <description>Duplex steel Hex bars, duplex steel Hex rods, Hex bars, duplex steel 2205 Hex bars, ASTM A276 duplex steel 2205 Hex bars, ASME SA479 duplex steel Hex bars manufactured by  Metal Ministry Inc. located in Mumbai.</description>
     <ror:updatePeriod>always</ror:updatePeriod>
     <ror:sortOrder>2</ror:sortOrder>
     <ror:resourceOf>sitemap</ror:resourceOf>
</item>
<item>
     <link>http://www.roundbars.metalministry.co.in/super-duplex-steel-hex-bars-manufacturer.html</link>
     <title>Super Duplex Steel Hex Bars | Super Duplex Steel Hex Rods | Hex Bars</title>
     <description>Super duplex steel Hex bars, super duplex steel Hex rods, Hex bars, super  duplex steel 2507 Hex bars, ASTM A276 super duplex steel 2507 Hex bars, ASME SA479 Super  duplex steel Hex bars manufactured by Metal Ministry Inc. located in Mumbai.</description>
     <ror:updatePeriod>always</ror:updatePeriod>
     <ror:sortOrder>2</ror:sortOrder>
     <ror:resourceOf>sitemap</ror:resourceOf>
</item>
<item>
     <link>http://www.roundbars.metalministry.co.in/nickel-alloy-hex-bars-manufacturer.html</link>
     <title>Nickel Alloy Hex Bars | Nickel Alloy Hex Rods | Hex Bars</title>
     <description>Nickel alloy Hex bars, Nickel alloy Hex rods, Hex bars, nickel alloy 200 Hex bars, nickel alloy 201 Hex rods, nickel alloy bright bars, nickel alloy black bars, nickel alloy annealed Hex bars  manufactured by Metal Ministry Inc. located in Mumbai.</description>
     <ror:updatePeriod>always</ror:updatePeriod>
     <ror:sortOrder>2</ror:sortOrder>
     <ror:resourceOf>sitemap</ror:resourceOf>
</item>
<item>
     <link>http://www.roundbars.metalministry.co.in/cupro-nickel-hex-bars-manufacturer.html</link>
     <title>Cupro Nickel Hex Bars | Cupro Nickel Hex Rods | Hex Bars </title>
     <description>Cupro Nickel Hex Bars , Cupro Nickel Hex Rods, cupro nickel 70 30 bars , cupro nickel 90 10 bars  , Cu-Ni  90/10 Hex bars ,Copper Nickel  ASTM B111 Hex Bars  Manufactured by Metal Ministry Inc. located in Mumbai.</description>
     <ror:updatePeriod>always</ror:updatePeriod>
     <ror:sortOrder>2</ror:sortOrder>
     <ror:resourceOf>sitemap</ror:resourceOf>
</item>
<item>
     <link>http://www.roundbars.metalministry.co.in/carbon-steel-hex-bars-manufacturer.html</link>
     <title>Carbon Steel Hex Bars | Carbon Steel Hex Rods | Hex Rods</title>
     <description>Carbon steel Hex bars, Hex rods, carbon steel Hex rods,carbon steel black bar, carbon steel bright bars, carbon steel ASTM A105 Hex bars, ASME SA350 Hex rods  manufactured by Metal Ministry Inc. located in Mumbai.</description>
     <ror:updatePeriod>always</ror:updatePeriod>
     <ror:sortOrder>2</ror:sortOrder>
     <ror:resourceOf>sitemap</ror:resourceOf>
</item>
<item>
     <link>http://www.roundbars.metalministry.co.in/stainless-steel-angle-channel-manufacturer.html</link>
     <title>Stainless Steel Angle Channel Manufacturer| Stainless Steel Angle Channel | SS Angle Channel</title>
     <description> Stainless Steel Angle Channel,Angle Channel,SS Angle Channel, Stainless Steel 304/304L, SS316/ 316L, SS 309H, 317,SS 310/310S Angle, Stainless Steel 321/321H Channel, Manufactured By Metal Ministry Inc..</description>
     <ror:updatePeriod>always</ror:updatePeriod>
     <ror:sortOrder>2</ror:sortOrder>
     <ror:resourceOf>sitemap</ror:resourceOf>
</item>
<item>
     <link>http://www.roundbars.metalministry.co.in/duplex-steel-angle-channel-manufacturer.html</link>
     <title>Duplex Steel Angle Channel Manufacturer| Duplex Steel Angle Channel | Angle Channel </title>
     <description>Duplex Steel Angle Channel, Angle Channel , Duplex Steel 2205 Angle Channel, ASTM A789  Duplex Steel 2205 Angle, UNS S31803 Channel , DIN 1.4462 Duplex Steel Angle Channel Manufactured by  Metal Ministry Inc. located in Mumbai.</description>
     <ror:updatePeriod>always</ror:updatePeriod>
     <ror:sortOrder>2</ror:sortOrder>
     <ror:resourceOf>sitemap</ror:resourceOf>
</item>
<item>
     <link>http://www.roundbars.metalministry.co.in/super-duplex-steel-angle-channel-manufacturer.html</link>
     <title>Super Duplex Steel Angle Channel Manufacturer| Super Duplex Steel Angle Channel | Angle Channel </title>
     <description>Super Duplex steel Angle Channel, Angle Channel, Super Duplex  2507 Angle Channel, ASTM A479  Super Duplex 2507 Steel Angle , UNS S32760 Angle Channel, DIN 1.4410 Super Duplex steel  Angle Channel manufactured by Metal Ministry Inc. located in Mumbai.</description>
     <ror:updatePeriod>always</ror:updatePeriod>
     <ror:sortOrder>2</ror:sortOrder>
     <ror:resourceOf>sitemap</ror:resourceOf>
</item>
<item>
     <link>http://www.roundbars.metalministry.co.in/nickel-alloy-angle-channel-manufacturer.html</link>
     <title>Nickel Alloy Angle Channel Manufacturer| Nickel Alloy Angle Channel | Angle Channel </title>
     <description>Nickel Alloy Angle Channel, Angle Channel, Nickel Alloy 200 Angle Channel, Nickel Alloy 201 Angle Channel, UNS N02200 Angle Channel, DIN 2.4068 Angle Channel, ASTM B161 Nickel Alloy Angle Channel manufactured by Metal Ministry Inc. located in Mumbai.</description>
     <ror:updatePeriod>always</ror:updatePeriod>
     <ror:sortOrder>2</ror:sortOrder>
     <ror:resourceOf>sitemap</ror:resourceOf>
</item>
<item>
     <link>http://www.roundbars.metalministry.co.in/cupro-nickel-angle-channel-manufacturer.html</link>
     <title>Cupro Nickel Angle Channel Manufacturer| Cupro Nickel Angle Channel | Angle Channel Exporter </title>
     <description>Cupro Nickel Angle Channel , Angle Channel , Cupro Nickel 70/30 Angle Channel,  Cupro Nickel ASME SB 111 70/30 Angle Channel, Cupro Nickel 90/10 Angle Channel   Manufactured by Metal Ministry Inc. located in Mumbai.</description>
     <ror:updatePeriod>always</ror:updatePeriod>
     <ror:sortOrder>2</ror:sortOrder>
     <ror:resourceOf>sitemap</ror:resourceOf>
</item>
<item>
     <link>http://www.roundbars.metalministry.co.in/carbon-steel-angle-channel-manufacturer.html</link>
     <title>Carbon Steel Angle Channel Manufacturer | Carbon Steel Angle Channel | Angle Channel</title>
     <description>Carbon steel Angle Channel, Angle Channel, carbon steel Angle,carbon steel Channel, carbon steel bright bars, carbon steel ASTM A105 Angle Channel, ASME SA350 Angle Channel, ASTM A36  Angle Channel,ASTM A529-50  Angle Channel  manufactured by Metal Ministry Inc. located in Mumbai.</description>
     <ror:updatePeriod>always</ror:updatePeriod>
     <ror:sortOrder>2</ror:sortOrder>
     <ror:resourceOf>sitemap</ror:resourceOf>
</item>
<item>
     <link>http://www.roundbars.metalministry.co.in/stainless-steel-triangular-bars-manufacturer.html</link>
     <title>Stainless Steel Triangular Bars Manufacturer| SS Triangular Bars | Triangular Bars </title>
     <description>Stainless Steel Triangular Bars, SS Triangular Bars, Triangular Bars ,Stainless Steel 304/304L Triangular Bars , SS 316/ 316L Triangular Bars , SS 309H Triangular Bars ,SS 310/310S Triangular Bars  manufactured by Metal Ministry Inc. located in Mumbai.</description>
     <ror:updatePeriod>always</ror:updatePeriod>
     <ror:sortOrder>2</ror:sortOrder>
     <ror:resourceOf>sitemap</ror:resourceOf>
</item>
<item>
     <link>http://www.roundbars.metalministry.co.in/duplex-steel-triangular-bars-manufacturer.html</link>
     <title>Duplex Steel Triangular Bars Manufacturer| Duplex Steel Triangular Rods | Triangular Bars </title>
     <description>Duplex Steel Triangular Bars, Triangular Bars, Duplex Steel 2205 Triangular Bars, Duplex Steel 2205 ASTM A789 Triangular Bars, UNS S31803 Triangular Bars, DIN 1.4462 Duplex Steel Triangular Bars  manufactured by Metal Ministry Inc. located in Mumbai.</description>
     <ror:updatePeriod>always</ror:updatePeriod>
     <ror:sortOrder>2</ror:sortOrder>
     <ror:resourceOf>sitemap</ror:resourceOf>
</item>
<item>
     <link>http://www.roundbars.metalministry.co.in/super-duplex-steel-triangular-bars-manufacturer.html</link>
     <title>Super Duplex Steel Triangular Bars Manufacturer| Super Duplex Steel Triangular Rods | Triangular Bars </title>
     <description>Super Duplex Steel Triangular Bars , Triangular Bars , Super Duplex Steel  2507 Triangular Bars, Super Duplex Steel  2507 ASTM A479 Bars  , Super Duplex Steel  2507 UNS S32760 Triangular Bars, DIN 1.4410 Triangular Bars  manufactured by Metal Ministry Inc. located in Mumbai.</description>
     <ror:updatePeriod>always</ror:updatePeriod>
     <ror:sortOrder>2</ror:sortOrder>
     <ror:resourceOf>sitemap</ror:resourceOf>
</item>
<item>
     <link>http://www.roundbars.metalministry.co.in/nickel-alloy-triangular-bars-manufacturer.html</link>
     <title>Nickel Alloy Triangular Bars Manufacturer| Nickel Alloy Triangular Rods | Triangular Bars </title>
     <description>Nickel Alloy Triangular Bars, Triangular Bars, Nickel Alloy 200 Triangular Bars, Nickel Alloy 201 Triangular Bars, UNS N02200 Triangular Bars, DIN 2.4068 Triangular Bars, ASTM B161 Nickel Alloy Bars manufactured by Metal Ministry Inc. located in Mumbai.</description>
     <ror:updatePeriod>always</ror:updatePeriod>
     <ror:sortOrder>2</ror:sortOrder>
     <ror:resourceOf>sitemap</ror:resourceOf>
</item>
<item>
     <link>http://www.roundbars.metalministry.co.in/cupro-nickel-triangular-bars-manufacturer.html</link>
     <title>Cupro Nickel Triangular Bars Manufacturer| Cupro Nickel Triangular Bars | Triangular Bars </title>
     <description>Cupro Nickel Triangular Bars, Triangular Bars , Cupro Nickel 70/30 Triangular Bars, ASME SB 111 70/30 Cupro Nickel Triangular Bars, UNS C71500 Triangular Bars, DIN 2.0882 Cupro Nickel Triangular Bars Manufactured by Metal Ministry Inc. located in Mumbai.</description>
     <ror:updatePeriod>always</ror:updatePeriod>
     <ror:sortOrder>2</ror:sortOrder>
     <ror:resourceOf>sitemap</ror:resourceOf>
</item>
<item>
     <link>http://www.roundbars.metalministry.co.in/carbon-steel-triangular-bars-manufacturer.html</link>
     <title>Carbon Steel Triangular Bars Manufacturer | Carbon Steel Triangular Bars | Triangular Bars </title>
     <description>Carbon Steel Triangular Bars, Triangular Bars, Carbon Steel ASTM A105 Triangular Bars, ASME SA350 Triangular Bars, Carbon Steel Hollow Bars, Carbon Steel Black Bar, Carbon Steel Bright Bars  Manufactured by Metal Ministry Inc. located in Mumbai.</description>
     <ror:updatePeriod>always</ror:updatePeriod>
     <ror:sortOrder>2</ror:sortOrder>
     <ror:resourceOf>sitemap</ror:resourceOf>
</item>
</channel>
</rss>
  