<?xml version="1.0" encoding="UTF-8"?>
<rss version="2.0" xmlns:ror="http://rorweb.com/0.1/" >
<channel>
  <title>ROR Sitemap for http://fasteners.metalministry.co.in/</title>
  <link>http://fasteners.metalministry.co.in/</link>

<item>
     <link>http://fasteners.metalministry.co.in/</link>
     <title>Welcome to Metal Ministry Inc.</title>
     <description>Welcome to Metal Ministry Inc.</description>
     <ror:updatePeriod></ror:updatePeriod>
     <ror:sortOrder>0</ror:sortOrder>
     <ror:resourceOf>sitemap</ror:resourceOf>
</item>
<item>
     <link>http://fasteners.metalministry.co.in/index.html</link>
     <title>Welcome to Metal Ministry Inc.</title>
     <description>Welcome to Metal Ministry Inc.</description>
     <ror:updatePeriod></ror:updatePeriod>
     <ror:sortOrder>1</ror:sortOrder>
     <ror:resourceOf>sitemap</ror:resourceOf>
</item>
<item>
     <link>http://fasteners.metalministry.co.in/about.html</link>
     <title>Welcome to Metal Ministry Inc.</title>
     <description>Welcome to Metal Ministry Inc.</description>
     <ror:updatePeriod></ror:updatePeriod>
     <ror:sortOrder>1</ror:sortOrder>
     <ror:resourceOf>sitemap</ror:resourceOf>
</item>
<item>
     <link>http://fasteners.metalministry.co.in/stainless-steel-304-304l-fastener-manufacturer-exporter.html</link>
     <title> Austenitic Stainless Steel 304/304L/304H Fastener Manufacturer, Supplier &amp; Exporter </title>
     <description> Metal Ministry Inc. is a leading Austenitic Stainless Steel 304/304L/304H Fastener Manufacturer &amp; Exporter located in Mumbai, India. We provide SS 304/304L/304H Fasteners in various forms like Austenitic Stainless Steel ASTM A193 / 193M / 194 / 194M/ ASME SA194  Fasteners, SS 304/304L/304H Fasteners in Din 1.4301/ Din 1.4307, UNS S30400/ UNS S30403.</description>
     <ror:updatePeriod></ror:updatePeriod>
     <ror:sortOrder>1</ror:sortOrder>
     <ror:resourceOf>sitemap</ror:resourceOf>
</item>
<item>
     <link>http://fasteners.metalministry.co.in/duplex-2205-fastener-manufacturer-exporter.html</link>
     <title>Duplex Steel 2205 Fastener Manufacturer, Supplier &amp; Exporter </title>
     <description> Metal Ministry Inc. is a leading Duplex Steel 2205 Fastener Manufacturer &amp; Exporter located in Mumbai, India. We provide Duplex Steel 2205 Fasteners in various forms like ASTM A790/ ASME SA790 Duplex Steel Fasteners, Duplex Steel 2205 Fasteners in DIN 1.4462, UNS S32205.</description>
     <ror:updatePeriod></ror:updatePeriod>
     <ror:sortOrder>1</ror:sortOrder>
     <ror:resourceOf>sitemap</ror:resourceOf>
</item>
<item>
     <link>http://fasteners.metalministry.co.in/alloy-steel-b6-fastener-manufacturer-exporter.html</link>
     <title>ALLOY STEEL GRADE B6 FASTENERS MANUFACTURER, SUPPLIER AND EXPORTER</title>
     <description> Alloy Steel Grade B6 Fasteners, DIN 933 Alloy Steel Grade B6 Fasteners, Alloy Steel Grade B6 Bolts, Alloy Steel Gr. B6 Nuts, Alloy Steel Gr. B6 Studs, Alloy Steel Gr. B6 Screw are manufactured by Metal Ministry Inc. located in Mumbai, India.</description>
     <ror:updatePeriod></ror:updatePeriod>
     <ror:sortOrder>1</ror:sortOrder>
     <ror:resourceOf>sitemap</ror:resourceOf>
</item>
<item>
     <link>http://fasteners.metalministry.co.in/nickel-200-fastener-manufacturer-exporter.html</link>
     <title> Nickel Alloy 200 Fastener Manufacturer, Supplier &amp; Exporter </title>
     <description> Metal Ministry Inc. is a leading Nickel Alloy 200 Fastener Manufacturer &amp; Exporter located in Mumbai, India. We provide Nickel Alloy 200 Fasteners in various forms like Nickel Alloy ASTM B160/ ASME SB160 Fasteners, Nickel Alloy 200 Fastener in DIN 2.4066, UNS N02200.</description>
     <ror:updatePeriod></ror:updatePeriod>
     <ror:sortOrder>1</ror:sortOrder>
     <ror:resourceOf>sitemap</ror:resourceOf>
</item>
<item>
     <link>http://fasteners.metalministry.co.in/inconel-600-fastener-manufacturer-exporter.html</link>
     <title> Nickel Alloy Inconel 600 Fastener Manufacturer, Supplier &amp; Exporter </title>
     <description> Metal Ministry Inc. is a leading Nickel Alloy Inconel 600 Fastener Manufacturer &amp; Exporter located in Mumbai, India. We provide Nickel Alloy Inconel 600 Fasteners in various forms like Nickel Alloy Inconel ASTM B164/ ASME SB164 Fasteners, Nickel Alloy Inconel 600 Fastener in DIN 2.4816, UNS N06600.</description>
     <ror:updatePeriod></ror:updatePeriod>
     <ror:sortOrder>1</ror:sortOrder>
     <ror:resourceOf>sitemap</ror:resourceOf>
</item>
<item>
     <link>http://fasteners.metalministry.co.in/incoloy-800-fastener-manufacturer-exporter.html</link>
     <title> Incoloy Alloy 800 Fastener Manufacturer, Supplier &amp; Exporter </title>
     <description> Metal Ministry Inc. is a leading Incoloy Alloy 800 Fastener Manufacturer &amp; Exporter located in Mumbai, India. We provide Incoloy Alloy 800 Fasteners in various forms like Incoloy Alloy ASTM B408/ ASME SB408 Fasteners, Incoloy Alloy 800 Fastener in DIN 1.4876, UNS N08800.</description>
     <ror:updatePeriod></ror:updatePeriod>
     <ror:sortOrder>1</ror:sortOrder>
     <ror:resourceOf>sitemap</ror:resourceOf>
</item>
<item>
     <link>http://fasteners.metalministry.co.in/hastelloy-c276-fastener-manufacturer-exporter.html</link>
     <title> Hastelloy Alloy C276 Fastener Manufacturer, Supplier &amp; Exporter </title>
     <description> Metal Ministry Inc. is a leading Hastelloy Alloy C276 Fastener Manufacturer &amp; Exporter located in Mumbai, India. We provide Hastelloy Alloy C276 Fasteners in various forms like Hastelloy Alloy ASTM B193/ ASME SB194 Fasteners, Hastelloy Alloy C276 Fastener in DIN 2.4819, UNS N10276.</description>
     <ror:updatePeriod></ror:updatePeriod>
     <ror:sortOrder>1</ror:sortOrder>
     <ror:resourceOf>sitemap</ror:resourceOf>
</item>
<item>
     <link>http://fasteners.metalministry.co.in/nitronic-60-fastener-manufacturer-exporter.html</link>
     <title> Nitronic Alloy 60 Fastener Manufacturer, Supplier &amp; Exporter </title>
     <description> Metal Ministry Inc. is a leading Nitronic Alloy 60 Fastener Manufacturer &amp; Exporter located in Mumbai, India. We provide Nitronic Alloy 60 Fasteners in various forms like Nitronic Alloy ASTM A276/ ASME SA276 Fasteners, Nitronic Alloy 60 Fastener in DIN 1.4565, UNS S20910.</description>
     <ror:updatePeriod></ror:updatePeriod>
     <ror:sortOrder>1</ror:sortOrder>
     <ror:resourceOf>sitemap</ror:resourceOf>
</item>
<item>
     <link>http://fasteners.metalministry.co.in/monel-400-fastener-manufacturer-exporter.html</link>
     <title> Monel  Alloy 400 Fastener Manufacturer, Supplier &amp; Exporter </title>
     <description> Metal Ministry Inc. is a leading Stainless Steel 304/304L/304H Fastener Manufacturer &amp; Exporter located in Mumbai, India. We provide SS 304/304L Fasteners in various forms like Stainless Steel ASTM A193 / 193M / 194 / 194M/ ASME SA194  Fasteners, SS 304/304L Fasteners in Din 1.4301/ Din 1.4307, UNS S30400/ UNS S30403.</description>
     <ror:updatePeriod></ror:updatePeriod>
     <ror:sortOrder>1</ror:sortOrder>
     <ror:resourceOf>sitemap</ror:resourceOf>
</item>
<item>
     <link>http://fasteners.metalministry.co.in/titanium-grade-1-fastener-manufacturer-exporter.html</link>
     <title> Titanium Grade 1 Fastener Manufacturer, Supplier &amp; Exporter </title>
     <description> Metal Ministry Inc. is a leading Titanium Grade 1 Fastener Manufacturer &amp; Exporter located in Mumbai, India. We provide Titanium Grade 1 Fasteners in various forms like Titanium ASTM B348/ ASME SB348 Fasteners, Titanium Grade 1 Fastener in DIN 3.7024, UNS R50350.</description>
     <ror:updatePeriod></ror:updatePeriod>
     <ror:sortOrder>1</ror:sortOrder>
     <ror:resourceOf>sitemap</ror:resourceOf>
</item>
<item>
     <link>http://fasteners.metalministry.co.in/carbon-steel-fastener-manufacturer-exporter.html</link>
     <title>Carbon Steel ASTM A193 / 193M / 194 / 194M Fastener Exporter and Manufacture</title>
     <description>Metal Ministry Inc. is a leading Monel Alloy K500 Flanges Exporter &amp; Manufacturer located in Mumbai, India. We provide Monel Alloy K500 Flanges in various forms like Monel Alloy K500 ASTM B564/ ASME SB564 Flanges, Monel Alloy K500 Flanges in Din 2.4375, UNS N05500.</description>
     <ror:updatePeriod></ror:updatePeriod>
     <ror:sortOrder>1</ror:sortOrder>
     <ror:resourceOf>sitemap</ror:resourceOf>
</item>
<item>
     <link>http://fasteners.metalministry.co.in/copper-nickel-70-30-90-10-fastener-manufacturer-exporter.html</link>
     <title> Copper Nickel 70/30 Fastener Manufacturer, Supplier &amp; Exporter </title>
     <description> Metal Ministry Inc. is a leading Copper Nickel 70/30 Fastener Manufacturer &amp; Exporter located in Mumbai, India. We provide Copper Nickel 70/30 Fasteners in various forms like Copper Nickel ASTM B151/ ASME SB152 Fasteners, Copper Nickel 70/30 Fasteners in UNS No. C 70600 (Cu -Ni- 90/10), C 71500 (Cu -Ni- 70/30).</description>
     <ror:updatePeriod></ror:updatePeriod>
     <ror:sortOrder>1</ror:sortOrder>
     <ror:resourceOf>sitemap</ror:resourceOf>
</item>
<item>
     <link>http://fasteners.metalministry.co.in/quality-policy.html</link>
     <title>Welcome to Metal Ministry Inc.</title>
     <description>Welcome to Metal Ministry Inc.</description>
     <ror:updatePeriod></ror:updatePeriod>
     <ror:sortOrder>1</ror:sortOrder>
     <ror:resourceOf>sitemap</ror:resourceOf>
</item>
<item>
     <link>http://fasteners.metalministry.co.in/technical-data.html</link>
     <title>Contact to Metal Ministry Inc.</title>
     <description>Contact to Metal Ministry Inc.</description>
     <ror:updatePeriod></ror:updatePeriod>
     <ror:sortOrder>1</ror:sortOrder>
     <ror:resourceOf>sitemap</ror:resourceOf>
</item>
<item>
     <link>http://fasteners.metalministry.co.in/contact.html</link>
     <title>Contact to Metal Ministry Inc.</title>
     <description>Contact to Metal Ministry Inc.</description>
     <ror:updatePeriod></ror:updatePeriod>
     <ror:sortOrder>1</ror:sortOrder>
     <ror:resourceOf>sitemap</ror:resourceOf>
</item>
<item>
     <link>http://fasteners.metalministry.co.in/stainless-steel-316-316l-fastener-manufacturer-exporter.html</link>
     <title> Austenitic Stainless Steel 316/316L Fastener Manufacturer, Supplier &amp; Exporter </title>
     <description> Metal Ministry Inc. is a leading Austenitic Stainless Steel 316/316L Fastener Manufacturer &amp;  Exporter located in Mumbai, India. We provide SS 316/316L Fasteners in various forms like Stainless Steel ASTM A193 / 193M / 194 / 194M/ ASME SA194  Fasteners, SS 316/316L Fasteners in Din 1.4401/Din 1.4404, UNS S31600/ S31603.</description>
     <ror:updatePeriod></ror:updatePeriod>
     <ror:sortOrder>2</ror:sortOrder>
     <ror:resourceOf>sitemap</ror:resourceOf>
</item>
<item>
     <link>http://fasteners.metalministry.co.in/stainless-steel-317l-fastener-manufacturer-exporter.html</link>
     <title> Austenitic Stainless Steel 317L Fastener Manufacturer, Supplier &amp; Exporter </title>
     <description> Metal Ministry Inc. is a leading Austenitic Stainless Steel 317L Fastener Manufacturer &amp; Exporter located in Mumbai, India. We provide SS 317L Fasteners in various forms like Stainless Steel ASTM A193 / 193M / 194 / 194M/ ASME SA194 Fasteners, SS 317 Fasteners in Din 1.4438, UNS S31703.</description>
     <ror:updatePeriod></ror:updatePeriod>
     <ror:sortOrder>2</ror:sortOrder>
     <ror:resourceOf>sitemap</ror:resourceOf>
</item>
<item>
     <link>http://fasteners.metalministry.co.in/stainless-steel-310-fastener-manufacturer-exporter.html</link>
     <title>Austenitic Stainless Steel 310/310S Fastener Manufacturer, Supplier &amp; Exporter </title>
     <description> Metal Ministry Inc. is a leading Austenitic Stainless Steel 310/310S Fastener Manufacturer &amp; Exporter located in Mumbai, India. We provide SS 310 Fasteners in various forms like Stainless Steel ASTM A193 / 193M / 194 / 194M/ ASME SA194 Fasteners, SS 310 Fasteners in Din 1.4841, UNS S31000.</description>
     <ror:updatePeriod></ror:updatePeriod>
     <ror:sortOrder>2</ror:sortOrder>
     <ror:resourceOf>sitemap</ror:resourceOf>
</item>
<item>
     <link>http://fasteners.metalministry.co.in/stainless-steel-321-fastener-manufacturer-exporter.html</link>
     <title> Austenitic Stainless Steel 321 Fastener Manufacturer, Supplier &amp; Exporter </title>
     <description> Metal Ministry Inc. is a leading Austenitic Stainless Steel 321 Fastener Manufacturer &amp; Exporter located in Mumbai, India. We provide SS 321 Fasteners in various forms like Stainless Steel ASTM A193 / 193M / 194 / 194M/ ASME SA194 Fasteners, SS 321 Fasteners in Din 1.4541, UNS S32100.</description>
     <ror:updatePeriod></ror:updatePeriod>
     <ror:sortOrder>2</ror:sortOrder>
     <ror:resourceOf>sitemap</ror:resourceOf>
</item>
<item>
     <link>http://fasteners.metalministry.co.in/stainless-steel-347-fastener-manufacturer-exporter.html</link>
     <title> Austenitic Stainless Steel 347/347H Fastener Manufacturer, Supplier &amp; Exporter </title>
     <description> Metal Ministry Inc. is a leading Austenitic Stainless Steel 347/347H Fastener Manufacturer &amp; Exporter located in Mumbai, India. We provide SS 347 Fasteners in various forms like Stainless Steel ASTM A193 / 193M / 194 / 194M/ ASME SA194 Fasteners, SS 347 Fasteners in Din 1.4550, UNS S34700.</description>
     <ror:updatePeriod></ror:updatePeriod>
     <ror:sortOrder>2</ror:sortOrder>
     <ror:resourceOf>sitemap</ror:resourceOf>
</item>
<item>
     <link>http://fasteners.metalministry.co.in/stainless-steel-410-fastener-manufacturer-exporter.html</link>
     <title> Martensitic Stainless Steel 410/410S Fastener Manufacturer, Supplier &amp; Exporter </title>
     <description> Metal Ministry Inc. is a leading Martensitic Stainless Steel 410/410S Fastener Manufacturer &amp; Exporter located in Mumbai, India. We provide SS 410 Fasteners in various forms like Stainless Steel ASTM A193 / 193M / 194 / 194M / ASME SA193 Fasteners, SS 410 Fasteners in DIN 1.4006, UNS S41000.</description>
     <ror:updatePeriod></ror:updatePeriod>
     <ror:sortOrder>2</ror:sortOrder>
     <ror:resourceOf>sitemap</ror:resourceOf>
</item>
<item>
     <link>http://fasteners.metalministry.co.in/stainless-steel-904l-fastener-manufacturer-exporter.html</link>
     <title>Stainless Steel 904L Fastener Manufacturer, Supplier &amp; Exporter</title>
     <description> Metal Ministry Inc. is a leading Stainless Steel 904L Fastener Manufacturer &amp; Exporter located in Mumbai, India. We provide SS 904L Fasteners in various forms like Stainless Steel ASTM B649/ ASME SB649 Fasteners, SS 904L Fasteners in DIN 1.4539, UNS N08904.</description>
     <ror:updatePeriod></ror:updatePeriod>
     <ror:sortOrder>2</ror:sortOrder>
     <ror:resourceOf>sitemap</ror:resourceOf>
</item>
<item>
     <link>http://fasteners.metalministry.co.in/stainless-steel-17-4-fastener-manufacturer-exporter.html</link>
     <title> Stainless Steel 17-4PH Fastener Manufacturer, Supplier &amp; Exporter </title>
     <description> Metal Ministry Inc. is a leading Stainless Steel 17-4PH Fastener Manufacturer &amp; Exporter located in Mumbai, India. We provide SS 17-4PH Fasteners in various forms like Stainless Steel ASTM F2281/ ASME SF2281 Fasteners, SS 17-4PH Fasteners in DIN 1.4542, UNS S17400.</description>
     <ror:updatePeriod></ror:updatePeriod>
     <ror:sortOrder>2</ror:sortOrder>
     <ror:resourceOf>sitemap</ror:resourceOf>
</item>
<item>
     <link>http://fasteners.metalministry.co.in/smo-254-fastener-manufacturer-exporter.html</link>
     <title> SMO 254 Fastener Manufacturer, Supplier &amp; Exporter </title>
     <description> Metal Ministry Inc. is a leading SMO 254 Fastener Manufacturer &amp; Exporter located in Mumbai, India. We provide SMO 254 Fasteners in various forms like SMO 254 ASTM A479/ ASME SA479 Fasteners, SMO 254 Fasteners in DIN 1.4547, UNS S31254.</description>
     <ror:updatePeriod></ror:updatePeriod>
     <ror:sortOrder>2</ror:sortOrder>
     <ror:resourceOf>sitemap</ror:resourceOf>
</item>
<item>
     <link>http://fasteners.metalministry.co.in/recaptcha/html-contact-form.php</link>
     <title>Contact Us</title>
     <description>Contact Us</description>
     <ror:updatePeriod></ror:updatePeriod>
     <ror:sortOrder>2</ror:sortOrder>
     <ror:resourceOf>sitemap</ror:resourceOf>
</item>
<item>
     <link>http://fasteners.metalministry.co.in/duplex-s31803-fastener-manufacturer-exporter.html</link>
     <title>Duplex Steel S31803 Fastener Manufacturer, Supplier &amp; Exporter </title>
     <description> Metal Ministry Inc. is a leading Duplex Steel S31803 Fastener Manufacturer &amp; Exporter located in Mumbai, India. We provide Duplex Steel S31803 Fasteners in various forms like ASTM A182 / ASME SA182 Duplex Steel Fasteners, Duplex Steel Fasteners in DIN 1.4462, UNS S31803.</description>
     <ror:updatePeriod></ror:updatePeriod>
     <ror:sortOrder>2</ror:sortOrder>
     <ror:resourceOf>sitemap</ror:resourceOf>
</item>
<item>
     <link>http://fasteners.metalministry.co.in/super-duplex-32507-fastener-manufacturer-exporter.html</link>
     <title> Super Duplex Steel 32507 Fastener Manufacturer, Supplier &amp; Exporter </title>
     <description> Metal Ministry Inc. is a leading Super Duplex Steel S32507 Fastener Manufacturer &amp; Exporter located in Mumbai, India. We provide Super Duplex Steel S32507 Fasteners in various forms like ASTM A193 / 193M / 194 / 194M/ ASME SA193 Super Duplex Steel S32507 Fasteners, Super Duplex Steel 32507 Fasteners in DIN 1.4410, UNS S32507.</description>
     <ror:updatePeriod></ror:updatePeriod>
     <ror:sortOrder>2</ror:sortOrder>
     <ror:resourceOf>sitemap</ror:resourceOf>
</item>
<item>
     <link>http://fasteners.metalministry.co.in/super-duplex-zeron-100-fastener-manufacturer-exporter.html</link>
     <title> Super Duplex Zeron 100 Fastener Manufacturer, Supplier &amp; Exporter </title>
     <description> Metal Ministry Inc. is a leading Super Duplex Zeron 100 Fastener Manufacturer &amp; Exporter located in Mumbai, India. We provide Super Duplex Zeron 100 Fasteners in various forms like ASTM/ ASME F55 Super Duplex Zeron 100 Fasteners, Super Duplex Zeron 100 Fasteners in DIN 1.4501, UNS S32760.</description>
     <ror:updatePeriod></ror:updatePeriod>
     <ror:sortOrder>2</ror:sortOrder>
     <ror:resourceOf>sitemap</ror:resourceOf>
</item>
<item>
     <link>http://fasteners.metalministry.co.in/alloy-steel-b7-b7m-fastener-manufacturer-exporter.html</link>
     <title>ALLOY STEEL GRADE B7 / B7M FASTENERS MANUFACTURER, SUPPLIER AND EXPORTER</title>
     <description> Alloy Steel Grade B7 / B7M Fasteners, ASTM A193 Alloy Steel Grade B7 / B7M Fasteners, Alloy Steel Grade B7 / B7M Bolts, Alloy Steel Gr. B7 / B7M Nuts, Alloy Steel Gr. B7 / B7M Studs, Alloy Steel Gr. B7 / B7M Screw are manufactured by Metal Ministry Inc. located in Mumbai, India.</description>
     <ror:updatePeriod></ror:updatePeriod>
     <ror:sortOrder>2</ror:sortOrder>
     <ror:resourceOf>sitemap</ror:resourceOf>
</item>
<item>
     <link>http://fasteners.metalministry.co.in/alloy-steel-b16-fastener-manufacturer-exporter.html</link>
     <title>ALLOY STEEL GRADE B16 FASTENERS MANUFACTURER, SUPPLIER AND EXPORTER</title>
     <description>Alloy Steel Grade B16 Fasteners, ASTM A193 Alloy Steel Grade B16 Fasteners, Alloy Steel Grade B16 Bolts, Alloy Steel Gr. B16 Nuts, Alloy Steel Gr. B16 Studs, Alloy Steel Gr. B16 Screw are manufactured by Metal Ministry Inc. located in Mumbai, India.</description>
     <ror:updatePeriod></ror:updatePeriod>
     <ror:sortOrder>2</ror:sortOrder>
     <ror:resourceOf>sitemap</ror:resourceOf>
</item>
<item>
     <link>http://fasteners.metalministry.co.in/nickel-201-fastener-manufacturer-exporter.html</link>
     <title> Nickel Alloy 201 Fastener Manufacturer, Supplier &amp; Exporter </title>
     <description> Metal Ministry Inc. is a leading Nickel Alloy 201 Fastener Manufacturer &amp; Exporter located in Mumbai, India. We provide Nickel Alloy 201 Fasteners in various forms like Nickel Alloy ASTM B164/ ASME SB160 Fasteners, Nickel Alloy 201 Fastener in DIN 
2.4068, UNS N02201.</description>
     <ror:updatePeriod></ror:updatePeriod>
     <ror:sortOrder>2</ror:sortOrder>
     <ror:resourceOf>sitemap</ror:resourceOf>
</item>
<item>
     <link>http://fasteners.metalministry.co.in/nickel-205-fastener-manufacturer-exporter.html</link>
     <title> NICKEL ALLOY GRADE 205 FASTENERS MANUFACTURER, SUPPLIER AND EXPORTER </title>
     <description> Nickel Alloy Grade 205 Fasteners, ASTM A193 Nickel Alloy Gr. 205 Bolts, Nickel Alloy Gr. 205 Nuts, Nickel Alloy Gr. 205 Screws, Nickel Alloy Gr. 205 Sockets, Nickel Alloy Gr. 205 Studs are manufactured by Metal Ministry Inc. located in Mumbai, India.</description>
     <ror:updatePeriod></ror:updatePeriod>
     <ror:sortOrder>2</ror:sortOrder>
     <ror:resourceOf>sitemap</ror:resourceOf>
</item>
<item>
     <link>http://fasteners.metalministry.co.in/inconel-601-fastener-manufacturer-exporter.html</link>
     <title> Nickel Alloy Inconel 601 Fastener Manufacturer, Supplier &amp; Exporter </title>
     <description> Metal Ministry Inc. is a leading Nickel Alloy Inconel 601 Fastener Manufacturer &amp; Exporter located in Mumbai, India. We provide Nickel Alloy Inconel 601 Fasteners in various forms like Nickel Alloy Inconel ASTM B425/ ASME SB425 Fasteners, Nickel Alloy Inconel 601 Fastener in DIN 2.4851, UNS N06601.</description>
     <ror:updatePeriod></ror:updatePeriod>
     <ror:sortOrder>2</ror:sortOrder>
     <ror:resourceOf>sitemap</ror:resourceOf>
</item>
<item>
     <link>http://fasteners.metalministry.co.in/inconel-625-fastener-manufacturer-exporter.html</link>
     <title> Nickel Alloy Inconel 625 Fastener Manufacturer, Supplier &amp; Exporter </title>
     <description> Metal Ministry Inc. is a leading Nickel Alloy Inconel 625 Fastener Manufacturer &amp; Exporter located in Mumbai, India. We provide Nickel Alloy Inconel 625 Fasteners in various forms like Nickel Alloy Inconel ASTM B166/ ASME SB166 Fasteners, Nickel Alloy Inconel 625 Fastener in DIN 2.4856, UNS N06625.</description>
     <ror:updatePeriod></ror:updatePeriod>
     <ror:sortOrder>2</ror:sortOrder>
     <ror:resourceOf>sitemap</ror:resourceOf>
</item>
<item>
     <link>http://fasteners.metalministry.co.in/inconel-718-fastener-manufacturer-exporter.html</link>
     <title> Nickel Alloy Inconel 718 Fastener Manufacturer, Supplier &amp; Exporter </title>
     <description> Metal Ministry Inc. is a leading Nickel Alloy Inconel 718 Fastener Manufacturer &amp; Exporter located in Mumbai, India. We provide Nickel Alloy Inconel 718 Fasteners in various forms like Nickel Alloy Inconel  ASTM B163/ ASME SB163 Fasteners, Nickel Alloy Inconel 718 Fastener in DIN 1.4668, UNS N07718.</description>
     <ror:updatePeriod></ror:updatePeriod>
     <ror:sortOrder>2</ror:sortOrder>
     <ror:resourceOf>sitemap</ror:resourceOf>
</item>
<item>
     <link>http://fasteners.metalministry.co.in/incoloy-825-fastener-manufacturer-exporter.html</link>
     <title>Incoloy Alloy 825 Fastener Manufacturer, Supplier &amp; Exporter</title>
     <description> Metal Ministry Inc. is a leading Incoloy Alloy 825 Fastener Manufacturer &amp; Exporter located in Mumbai, India. We provide Incoloy Alloy 825 Fasteners in various forms like Incoloy Alloy ASTM B425/ ASME SB425 Fasteners, Incoloy Alloy 825 Fastener in DIN 2.4858, UNS N08825.</description>
     <ror:updatePeriod></ror:updatePeriod>
     <ror:sortOrder>2</ror:sortOrder>
     <ror:resourceOf>sitemap</ror:resourceOf>
</item>
<item>
     <link>http://fasteners.metalministry.co.in/hastelloy-c22-fastener-manufacturer-exporter.html</link>
     <title> Hastelloy Alloy C22 Fastener Manufacturer, Supplier &amp; Exporter </title>
     <description> Metal Ministry Inc. is a leading Hastelloy Alloy C22 Fastener Manufacturer &amp; Exporter located in Mumbai, India. We provide Hastelloy Alloy C22 Fasteners in various forms like Hastelloy Alloy ASTM B574/ ASME SB574 Fasteners, Hastelloy Alloy C22 Fastener in DIN 
2.4602, UNS N06022.</description>
     <ror:updatePeriod></ror:updatePeriod>
     <ror:sortOrder>2</ror:sortOrder>
     <ror:resourceOf>sitemap</ror:resourceOf>
</item>
<item>
     <link>http://fasteners.metalministry.co.in/hastelloy-b2-fastener-manufacturer-exporter.html</link>
     <title> Hastelloy Alloy B2 Fastener Manufacturer, Supplier &amp; Exporter </title>
     <description> Metal Ministry Inc. is a leading Hastelloy Alloy B2 Fastener Manufacturer &amp; Exporter located in Mumbai, India. We provide Hastelloy Alloy B2 Fasteners in various forms like Hastelloy Alloy ASTM B160/ ASME SB160 Fasteners, Hastelloy Alloy B2 Fastener in DIN 
2.4617, UNS N10665.</description>
     <ror:updatePeriod></ror:updatePeriod>
     <ror:sortOrder>2</ror:sortOrder>
     <ror:resourceOf>sitemap</ror:resourceOf>
</item>
<item>
     <link>http://fasteners.metalministry.co.in/hastelloy-b3-fastener-manufacturer-exporter.html</link>
     <title> Hastelloy Alloy B3 Fastener Manufacturer, Supplier &amp; Exporter </title>
     <description> Metal Ministry Inc. is a leading Hastelloy Alloy B3 Fastener Manufacturer &amp; Exporter located in Mumbai, India. We provide Hastelloy Alloy B3 Fasteners in various forms like Hastelloy Alloy ASTM B564/ ASME SB564 Fasteners, Hastelloy Alloy B3 Fastener in DIN 2.4600, UNS N10675.</description>
     <ror:updatePeriod></ror:updatePeriod>
     <ror:sortOrder>2</ror:sortOrder>
     <ror:resourceOf>sitemap</ror:resourceOf>
</item>
<item>
     <link>http://fasteners.metalministry.co.in/hastelloy-x-fastener-manufacturer-exporter.html</link>
     <title> Hastelloy Alloy X Fastener Manufacturer, Supplier &amp; Exporter </title>
     <description> Metal Ministry Inc. is a leading Hastelloy Alloy X Fastener Manufacturer &amp; Exporter located in Mumbai, India. We provide Hastelloy Alloy X Fasteners in various forms like Hastelloy Alloy ASTM A193 / 193M / 194 / 194M/ ASME SA194 Fasteners, Hastelloy Alloy X Fastener in DIN 2.4665, UNS N06002.</description>
     <ror:updatePeriod></ror:updatePeriod>
     <ror:sortOrder>2</ror:sortOrder>
     <ror:resourceOf>sitemap</ror:resourceOf>
</item>
<item>
     <link>http://fasteners.metalministry.co.in/hastelloy-g30-fastener-manufacturer-exporter.html</link>
     <title> Hastelloy Alloy G30 Fastener Manufacturer, Supplier &amp; Exporter </title>
     <description> Metal Ministry Inc. is a leading Hastelloy Alloy G30 Fastener Manufacturer &amp; Exporter located in Mumbai, India. We provide Hastelloy Alloy G30 Fasteners in various forms like Hastelloy Alloy ASTM B160/ ASME SB160 Fasteners, Hastelloy Alloy G30 Fastener in DIN 2.4603, UNS N06030.</description>
     <ror:updatePeriod></ror:updatePeriod>
     <ror:sortOrder>2</ror:sortOrder>
     <ror:resourceOf>sitemap</ror:resourceOf>
</item>
<item>
     <link>http://fasteners.metalministry.co.in/monel-k-500-fastener-manufacturer-exporter.html</link>
     <title> Monel  Alloy k-500 Fastener Manufacturer, Supplier &amp; Exporter </title>
     <description> Metal Ministry Inc. is a leading Monel Alloy K-500  Fastener Manufacturer &amp; Exporter located in Mumbai, India. We provide Monel Alloy K-500 Fasteners in various forms like Monel Alloy ASTM B564/ ASME SB564 Fasteners, Monel Alloy K-500 Fastener in DIN 2.4375, UNS N05500.</description>
     <ror:updatePeriod></ror:updatePeriod>
     <ror:sortOrder>2</ror:sortOrder>
     <ror:resourceOf>sitemap</ror:resourceOf>
</item>
<item>
     <link>http://fasteners.metalministry.co.in/titanium-grade-2-fastener-manufacturer-exporter.html</link>
     <title> Titanium Grade 2 Fastener Manufacturer, Supplier &amp; Exporter </title>
     <description> Metal Ministry Inc. is a leading Titanium Grade 2 Fastener Manufacturer &amp; Exporter located in Mumbai, India. We provide Titanium Grade 2 Fasteners in various forms like Titanium ASTM B348/ ASME SB348 Fasteners, Titanium Grade 2 Fastener in DIN 3.7035, UNS R50400.</description>
     <ror:updatePeriod></ror:updatePeriod>
     <ror:sortOrder>2</ror:sortOrder>
     <ror:resourceOf>sitemap</ror:resourceOf>
</item>
<item>
     <link>http://fasteners.metalministry.co.in/titanium-grade-3-fastener-manufacturer-exporter.html</link>
     <title> Titanium Grade 3 Fastener Manufacturer, Supplier &amp; Exporter </title>
     <description> Metal Ministry Inc. is a leading Titanium Grade 3 Fastener Manufacturer &amp; Exporter located in Mumbai, India. We provide Titanium Grade 3 Fasteners in various forms like Titanium ASTM B348/ ASME SB348 Fasteners, Titanium Grade 3 Fastener in DIN 3.7035, UNS R50550.</description>
     <ror:updatePeriod></ror:updatePeriod>
     <ror:sortOrder>2</ror:sortOrder>
     <ror:resourceOf>sitemap</ror:resourceOf>
</item>
<item>
     <link>http://fasteners.metalministry.co.in/titanium-grade-5-fastener-manufacturer-exporter.html</link>
     <title> Titanium Grade 5 Fastener Manufacturer, Supplier &amp; Exporter </title>
     <description> Metal Ministry Inc. is a leading Titanium Grade 5 Fastener Manufacturer &amp; Exporter located in Mumbai, India. We provide Titanium Grade 5 Fasteners in various forms like Titanium ASTM B377/ ASME SB377 Fasteners, Titanium Grade 5 Fastener in DIN 3.7165, UNS N56400.</description>
     <ror:updatePeriod></ror:updatePeriod>
     <ror:sortOrder>2</ror:sortOrder>
     <ror:resourceOf>sitemap</ror:resourceOf>
</item>
<item>
     <link>http://fasteners.metalministry.co.in/titanium-grade-7-fastener-manufacturer-exporter.html</link>
     <title> Titanium Grade 7 Fastener Manufacturer, Supplier &amp; Exporter </title>
     <description> Metal Ministry Inc. is a leading Titanium Grade 7 Fastener Manufacturer &amp; Exporter located in Mumbai, India. We provide Titanium Grade 7 Fasteners in various forms like Titanium ASTM B348/ ASME SB348 Fasteners, Titanium Grade 7 Fastener in DIN 3.7035, UNS R52400.</description>
     <ror:updatePeriod></ror:updatePeriod>
     <ror:sortOrder>2</ror:sortOrder>
     <ror:resourceOf>sitemap</ror:resourceOf>
</item>
<item>
     <link>http://fasteners.metalministry.co.in/copper-nickel-90-10-fastener-manufacturer-exporter.html</link>
     <title> Copper Nickel 90/10 Fastener Manufacturer, Supplier &amp; Exporter </title>
     <description> Metal Ministry Inc. is a leading Copper Nickel 90/10 Fastener Manufacturer &amp; Exporter located in Mumbai, India. We provide Copper Nickel 90/10 Fasteners in various forms like Copper Nickel ASTM B151/ ASME SB152 Fasteners, Copper Nickel 90/10 Fasteners in UNS No. C 70600 (Cu -Ni- 90/10), C 71500 (Cu -Ni- 70/30).</description>
     <ror:updatePeriod></ror:updatePeriod>
     <ror:sortOrder>2</ror:sortOrder>
     <ror:resourceOf>sitemap</ror:resourceOf>
</item>
</channel>
</rss>
  